UNITID,F1A01,F1A09,F1B01,F1H02   
100654,69984184,56634650,40999774,
100663,869577141,330127622,146814105,392284979
100706,173235505,54979041,50594944,69929806
100724,63893804,38090643,43528006,73546541
100733,3484030,2445379,0,
100751,525605272,424242388,386942854,617611309
100760,12549909,6199281,3530589,340265
100812,10818481,5739113,14115040,2365949
100830,12141164,20949041,31202849,43933312
100858,256936897,299061854,314028163,526128048
101028,8016502,2107217,2942071,51020
101143,12171373,3224340,4472918,899856
101161,26907600,8050320,8097880,
101240,39552282,8337155,7637889,3019474
101286,34846542,5475503,6959669,118895
101295,27735260,8240954,12145731,
101301,6844942,1834872,2064465,
101462,7044952,1972782,1241906,
101471,5474695,359201,17280,
101480,83197377,33395428,46847062,11256873
101499,7166927,1617523,1013845,321445
101505,43644283,13609169,16130708,1183639
101514,55719780,13435988,23611509,
101569,22832506,10036882,4246951,
101587,64994872,13221777,31092691,327572
101602,10121302,3503855,2350949,
101648,4296940,1685477,1031124,2765773
101709,39312489,19555002,20238177,16589568
101736,15857029,5367244,3614515,750749
101879,62290094,22897807,38437587,25252050
101897,16147700,3129833,4585818,79833
101949,7182252,2099808,3512610,
101994,2275603,697542,895946,
102030,21941557,4934875,4775831,149999
102067,20110520,5640775,9381195,
102076,8997778,8391489,4231476,2567759
102094,333828000,115149000,95709000,157112000
102313,15593413,2101763,3022771,
102368,138533506,56243280,131531361,528918
102429,26161101,4719595,5513934,147298
102553,48212164,26828153,71549992,50159275
102614,66504308,32584526,41641848,78974513
102632,11885618,3162781,11915120,4078273
102711,,,1622778,
103361,893387,104289,822144,57789
103529,76070290,118361329,1125629,223256322
104151,347645000,184014000,802965000,552789000
104160,41349779,6886845,4129716,1709961
104179,364778000,219350000,461580000,611746000
104346,48084136,10313712,5997913,4142419
104425,25129207,5163238,4145645,5257327
104577,45157084,3084778,3453406,
104708,,,18497272,
105136,538898031,140537771,1033734,55993276
105145,,,8890514,
105154,,,26736027,
105206,15063585,1703281,4887443,3754265
105297,39960534,14051209,465785,4613432
105330,213011967,56058191,172564634,107274943
105349,39408725,2056178,2466640,12414
105428,,,9632970,
105525,89921354,16077597,30034844,4506939
105668,,,36845716,
105747,,,13108475,
105792,,,2578637,
106148,27817333,12547031,8610225,8688053
106245,54749426,12232528,60959767,74671942
106263,320120000,117385000,29701000,29496000
106397,329212868,119403765,149979017,819813727
106412,32329069,5869033,5823980,1741022
106449,5185273,2972340,5849343,146914
106458,45190502,27037424,43927865,42838381
106467,46743045,8769423,29343396,20351024
106485,10754181,6331242,8628223,2580447
106625,6876433,897155,2430189,
106704,34928403,12897645,45275026,23705777
106795,7348076,4624411,957679,76785
106829,,,175351,
106883,4708814,341451,1337933,279027
106980,10635904,1392407,3671077,860854
106999,4674561,791924,1097423,
107071,17233275,4974849,10563071,14724336
107318,9110178,5231175,2336381,2145369
107327,6631314,1128617,1463565,3653576
107460,4567140,908914,1754880,3745770
107488,,,1122884,
107521,2745788,228896,1218696,
107549,4440480,347671,948164,1478506
107585,5469770,921649,2912237,33000
107619,9552437,1364886,420137,
107637,8042879,999768,2609239,544425
107664,29024025,6008929,10637697,1340886
107725,4232716,749673,1153516,2151740
107743,5787872,534446,752454,
107974,9069030,706459,1841118,1335233
107983,11339314,5207723,10411080,3189609
107992,15273551,796570,2796551,845433
108056,47531495,15769760,0,
108092,13589217,8398603,13451693,70115940
108667,,,3221989,
108807,75320916,19893076,4716109,16354387
109208,,,9220679,
109350,38271720,34718267,3070944,2564789
109819,44675461,66855185,4972156,
109907,19323741,7202322,690170,378867
110246,51625393,17647109,7285460,2112063
110334,60029951,27246301,7699152,16755434
110398,16764496,8085382,34697071,32806799
110422,111723182,60664046,137159041,184355094
110486,68215587,12963417,24070298,20178522
110495,64415435,16537800,33178802,10263794
110501,234467137,100289995,3668374,10802432
110510,86702269,28339406,85314116,21312719
110529,160263497,46824649,83022658,69271861
110538,113885155,30466633,75535000,35624731
110547,79397297,21481327,54866315,12165790
110556,110051574,29747625,75784446,136018304
110565,179889634,74213781,177932254,42724221
110574,95184418,31322485,88375059,10684335
110583,208781595,80011081,150547965,50573929
110592,124072523,37054919,75212937,17355399
110608,192316487,73989537,168190348,66980817
110617,163584906,57382916,117259891,28981610
110635,,,639860000,1411707000
110644,,,434317000,252719000
110653,,,400856000,261488000
110662,,,621099000,1411797000
110671,,,246454000,111234000
110680,,,414526000,471858000
110699,,,56759000,766144000
110705,,,309082000,126046000
110714,,,196440000,61658000
111188,25549766,6720268,9702557,5335426
111434,41055826,9117065,2491512,
111461,78195727,32578020,10890682,1691793
111887,145946740,33470202,6854308,
111896,,,2403142,
111920,28534912,40111273,8012057,
111939,108267721,38547903,9001747,
112172,35643437,22776211,8257164,2403342
112190,56084630,60370033,23667019,
112367,,,1994943,
112376,28825013,4025035,2459432,478333
112385,50868408,7103107,4340237,844130
112561,,,970188,296432
112686,56095657,21472872,1637577,
112817,128372915,28086988,0,490553
112826,,,2456352,3562789
113096,,,4400764,
113111,,,1764281,
113193,20426460,10401060,7155111,7287144
113218,,,3245951,
113236,,,7560597,
113333,,,27837403,11223544
113573,69753283,33247941,4635044,19872142
113634,,,24097288,3811460
113856,,,11503026,
113980,293709214,53305953,15536362,
114266,,,3952048,
114433,6347067,3325658,1830940,39354
114716,,,19612716,7896634
114789,44319147,15089748,5710040,5193543
114831,121746534,61231030,10065177,
114859,,,11340896,
114938,10489888,11382045,2383409,
115001,67351479,39908367,9742910,9393221
115126,88150664,12309085,7521265,1462806
115287,62613832,32179646,5275028,
115296,,,5042239,
115393,22825743,12988233,2151003,4712427
115755,43622491,19548103,38971993,24901110
115861,36110121,19861226,2112468,1238700
116439,,,11437555,
117052,26190095,9644517,4268007,1275414
117195,6173578,3495267,1662762,430634
117247,,,6563174,
117274,6201775,3868326,1283345,
117645,70898263,55892928,8097830,
117681,547809915,441328079,0,
117690,,,4449813,
117706,,,9108045,
117715,,,937612,
117724,,,2596082,
117733,,,5899451,
117788,,,6908398,
117803,,,413220,465016
117867,,,2802959,
117894,,,3332072,1000371
117900,255877304,63864742,4587,4318795
118347,15642338,18577045,4470529,1141934
118684,7103049,4849564,1169779,8331718
118718,27297377,15594764,4097744,6325323
118772,,,3356136,
118912,26542341,8952993,11963333,4911877
118930,,,5388844,
118976,,,6104924,6341764
119067,60150422,13127840,4650975,
119137,,,6033741,
119164,69222003,50381117,17081691,
119216,25566605,13582312,4778324,2271114
119331,21448674,12728790,3727796,
120023,171089398,42384583,0,
120290,34645567,26552306,9586847,1964501
120342,150664346,21038302,12855109,2500183
120421,,,3016870,
120953,15369899,2235958,296643,1193904
120971,177640354,27879916,15052142,3146155
121044,72766377,50757155,20593192,
121178,421274497,92343907,0,
121363,,,1213633,
121619,,,7029394,634516
121707,15870929,10780886,3274845,4344180
121886,54809829,32553795,5957829,1836692
121901,76029781,26413485,8199846,3011781
122180,,,7025586,
122205,,,20315790,
122320,104086078,74371628,19251838,
122339,27918851,19948589,5163891,
122375,27601137,19721576,5105127,
122384,13592431,9712069,2514066,
122409,262766379,92306907,185337321,162007250
122597,184977816,80126812,165424149,41269108
122658,30391319,33026557,6124673,
122737,27051345,38781101,0,19970407
122746,,,3952048,
122755,179577569,79082669,169069182,99869021
122782,40300496,8949332,2445674,
122791,95195912,21139687,5777054,
122889,97625359,24015299,24481129,27136998
122977,72855439,70164337,47325976,8322676
123013,58115754,23958667,14879586,34985072
123217,48338357,22631120,2567802,7998607
123299,17758158,9399392,4778832,2092733
123341,30488931,29731268,12455438,2657710
123484,10716396,8277852,1735214,1011937
123493,,,67809,
123509,67102519,14901125,4072180,
123527,,,4116656,
123563,170304793,20179088,3478760,
123572,83497411,36553976,53638069,31924535
123800,45448905,41554430,4640554,
123925,11983603,2963827,0,
124113,67270026,7993520,2030938,628935
124557,9144393000,9652306000,30646000,6402600000
125019,149356744,28124054,0,
125028,,,6033741,
125091,59298597,11013093,3017306,
125170,,,3268373,
125222,218067183,50503396,6457373,
125462,,,1126904,
125471,,,4099567,
126100,39296635,29910568,0,109325
126119,9910702,15079453,1941901,
126182,24018499,9378599,16902401,652489
126207,62394822,9042026,13586979,
126289,34012734,6486378,27473667,
126562,796807937,255638211,205930965,
126580,77475287,37018150,81990241,
126614,838624454,221513386,483770987,
126711,49294132,8977405,7976354,8049868
126748,4730595,1675656,3712589,
126775,130579620,42324033,98371498,230840000
126818,417190099,168773585,306238401,259082704
126863,21612632,5611394,18604364,11000
126915,,,844768,
126942,34951393,13919800,25967244,
127158,,,5737777,
127185,33360613,11309143,20210300,6209471
127200,83642828,16970192,58608998,457964
127389,3431641,776856,2304225,
127556,43384225,18272188,47832516,19284010
127565,88888398,32168749,92621047,1253912
127617,9572254,1109135,3615286,1904932
127732,11945139,2661542,4818409,1048708
127741,92449966,29439314,103803210,73727261
127778,17893295,5113166,2849868,491387
127820,52045690,11345408,38515395,2563510
127884,19865054,6014404,14406547,
127909,48610525,7948921,29410881,
128106,24691019,10231972,30320764,12416369
128151,,,1168347,
128258,7161483,2635185,3716605,7291111
128300,101460142,5790321,0,151807140
128328,,,0,
128391,25159572,6425141,14226194,
128577,8187879,1748252,3383694,137046
128771,120382303,83932591,76628434,43461520
128780,3685244,1699885,6609124,1459127
129020,689613609,383590233,274940546,328974694
129215,72459691,50472761,32600682,12324475
129367,16582292,3437902,4491286,813861
129543,22638176,3908059,8153131,554152
129695,17284115,6588282,13926707,2543060
129729,22073748,8490654,13390028,789039
129756,7479146,2617329,5614185,298278
129808,15136836,4083924,7443629,2317746
130004,15575672,6130182,13990726,16142133
130040,6216760,1678922,2388918,1110947
130217,12995337,1732602,2837142,2254282
130396,13385447,6394841,11264468,566832
130493,122407470,86550967,76414065,11695863
130606,13606334,5340769,9723754,537702
130624,,,0,
130776,68049867,42389778,39642132,
130882,2691519,391537,2400,15398407
130891,15690866,1678942,14283656,
130907,15405052,1634380,9446910,
130916,46209562,3561421,22193603,
130934,50042574,19916712,26393346,19308751
131399,48257352,62641535,29414170,37773676
132374,,,5848652,
132675,,,329227,
132693,43801434,7558231,20782521,16114032
132709,65871934,21892479,40502117,36633315
132851,10181280,3188328,7119484,46987846
132903,468618972,79606519,262225771,133827336
132976,,,764775,
133021,6672118,1239553,2211229,14311829
133155,,,1426678,
133386,39067081,10028097,16551231,5734755
133508,25227901,5184472,16955057,17938055
133650,136879608,23743020,59863621,80071496
133669,223870512,40429206,130687011,189286602
133702,27571503,10873112,36730799,37690939
133951,365445849,75796341,251226703,234364817
133960,5527764,1334484,2085976,
134097,653438776,103994183,225566615,548094856
134130,1213434000,244088000,352444000,1360073000
134291,,,394451,
134307,,,979739,
134343,20503823,4353651,4832971,26633251
134495,33115085,7360568,48551606,2137327
134608,28980455,7421354,16336936,21012906
135160,8953551,1585132,2906170,3374151
135179,,,921726,
135188,7431072,2584946,5109399,4147114
135267,,,1746862,
135276,,,1407871,
135294,,,1122280,
135391,29876107,2840146,18982755,11913595
135407,,,3367430,
135522,,,951239,
135647,,,1237495,
135717,218246439,103132708,77692440,183483466
135735,,,8215878,
136145,3963876,497880,797181,1711524
136172,82780942,19005537,69658430,84181773
136233,14325686,1812736,10008186,35695464
136303,,,760225,
136358,35209476,7271534,38581227,17516238
136400,37263640,8944152,9625621,30129499
136473,22178448,6408107,11710264,8656678
136491,,,1798601,
136516,26596552,3585124,11086923,11056857
136659,,,161069,
136765,,,866761,
136826,,,1237776,
137023,,,1831396,
137078,45459834,16768219,42944736,26641634
137087,,,1281926,
137096,117688531,83050612,25450505,22646593
137120,,,2812084,
137209,20596693,3366653,26788466,10888549
137245,,,3990317,
137281,18149735,1364094,7596414,1695317
137315,10181548,1712419,1947052,5021548
137351,464422623,123180376,215710117,332403028
137713,,,311883,
137759,31779783,6619813,18933196,9043267
137856,,,344427,
137865,,,922192,
138187,68857415,16398378,52178779,57675554
138284,,,1065650,
138354,91369929,10902884,58495629,47755412
138372,,,1122901,
138479,,,2657461,
138488,,,1204140,
138497,,,1305569,
138558,6605464,3518955,5394870,10540616
138682,4441921,3470059,4577276,
138691,10126256,4352820,12466412,1154176
138716,14271575,5882257,16227815,1776151
138789,24490407,7732770,29948421,9149723
138840,4250595,3781918,4401867,
138901,4674488,1895036,3523000,
138956,8559496,3232425,3356753,
139010,6352625,2366417,6788915,718131
139250,3540953,2800218,5921194,6234346
139278,6688366,3572664,7510480,
139311,13612213,6570560,27046979,4008142
139357,6676274,2689566,6067035,
139366,24129097,10828393,40906237,44790780
139384,2763990,3151309,6121826,
139463,7887527,2141397,8376203,9570215
139621,4745778,1615598,3876826,191835
139700,6445704,2319267,10273549,33299
139719,7728075,8156490,9512951,5702506
139746,,,369000,
139755,306877204,148496331,271444683,1714876000
139764,10245035,4688376,11688171,12187612
139861,24119146,11720943,48336371,32019262
139904,20995520,6615547,25071794,11392876
139931,58102738,27376599,106587178,42242301
139940,224657473,81522526,225375296,163128159
139959,374569087,132412134,349901990,71829738
139968,10104402,3368881,6326468,2344661
139986,7409173,3790544,6514721,
140012,14315020,9129768,12104363,
140164,67530707,109361359,122535115,25035000
140243,5920315,4248285,5489516,
140331,12006145,10246940,17089332,
140599,3909489,1386830,2272967,
140678,3786129,2072883,3739927,
140942,7261272,2938931,6024032,
140960,14613404,5959545,12316374,4348674
141006,2359299,1970893,2660472,
141097,14489215,11308065,32806270,6380087
141158,1841916,913207,2177736,676829
141255,3251090,2742819,6037687,
141264,31662981,17343357,60105797,30646943
141334,55857444,14566551,55871970,21976974
141565,35256586,18199188,24251102,232176
141574,305567773,170950277,162327668,34853918
141680,10787004,0,6369074,
141796,21549381,6937512,18338095,
141802,3000987,1613704,1548084,
141811,14578094,7324395,11945267,
141839,7190089,4407572,5156017,297693
141963,63988547,47117103,624050,32254314
141981,8097606,5983670,5719892,162359
141990,4948232,2895962,2859661,
142115,142520791,61958428,106593359,83004400
142179,3741851,909094,785091,789505
142276,121163582,31931137,73937311,41556154
142285,60276473,55435137,82657950,209397682
142328,33664206,6131520,14678929,5151913
142443,20629881,6060479,7684257,16222837
142559,34873908,6315178,7526088,
143215,103484390,58373799,27710479,3241431
143279,75066923,9411607,7613048,4397110
143613,26588226,14047906,4467196,9780565
144005,32080772,18623741,39645373,3632365
144157,,,6845544,
144166,,,3499949,
144175,,,2272652,
144184,,,8302678,
144193,,,4121481,
144209,,,9043587,
144218,,,10803097,
144500,365243276,124718599,0,
144564,23341057,2277169,3444023,7947564
144865,363249836,129639414,62113934,4678010
144892,77240871,25063733,74282421,41053036
144944,179816681,57714325,17816191,3063078
145336,74327840,11593784,31420401,1554037
145521,23132393,9252598,3598706,7741150
145600,751472242,344120524,342330761,222001190
145637,625132152,209671104,676223900,1050492385
145682,110159781,43849120,22409026,13948690
145707,,,1118613,
145813,120848347,44063302,189117793,75723420
145831,37362093,9290299,4726299,
146205,27038536,9674538,5455209,5112393
146278,18022021,8384055,5461906,1196550
146296,98433960,29895516,26920183,10564392
146348,42964469,13989360,6089638,5118549
146366,38419181,5910753,5752597,6663828
146418,37951350,20917918,6348558,1039335
146472,137493044,46108102,24304411,1033008
146506,49630365,31361903,9832864,2
146603,80637570,29263838,13111924,
146685,59509868,26337896,18270891,3534185
147004,66427133,25676097,13237924,3365451
147378,124824699,36396219,31179582,
147411,29679741,9767296,4125936,
147703,119134590,73505496,141229582,62194993
147776,91657399,13530222,54804774,6306915
147800,131637016,22800962,16171910,
147916,77600246,9005938,17795993,5544506
148007,23716980,15451841,5477847,705821
148256,33307670,9223467,2039490,2131394
148292,37965908,17242345,2148932,16356974
148380,72672265,33905657,10726949,5084282
148654,17716813,11882967,25633074,11497622
148672,22484163,7086384,2843268,1955427
148821,20032869,3970020,2966462,883224
148937,10694000,2804933,1546808,3139808
148991,12507939,8498666,3893574,1466393
149222,205201826,91083935,154655717,104545406
149231,48246809,36358504,100008976,18828655
149240,1452406,392579,0,
149365,40172029,17844359,3888606,
149532,59039284,23787656,15232305,
149587,386303867,305743337,0,248628021
149727,137859323,18587091,16709561,3456451
149772,98571023,40574652,81704247,32134249
149842,183351811,70536339,40545395,2991904
150136,222257842,40062238,149699765,171650300
150987,302542807,122345536,146425861,940943
151102,87322968,31573691,57159323,46433698
151111,211903147,134882918,285475568,709877078
151306,60521990,23247387,46367816,37075410
151324,59689407,31598052,61099544,38899908
151333,3716280,5103146,12325629,5891932
151342,14316227,9146022,29666610,11008369
151351,382784132,250490266,654939232,835123313
151360,8171667,5592512,22449484,8445595
151379,9870291,6907785,26039897,13946537
151388,4298030,3380318,13530735,5252700
151537,,,445254,
152248,80976818,37330936,49075855,13936955
152266,23527475,5661781,17426420,3582453
152637,34254462,21259712,27286181,33382297
153214,122288480,78397214,29310494,3953206
153296,9656420,7326627,2674920,
153311,89234091,30659432,12630940,
153445,42899712,21040587,9644039,2027426
153472,22733577,10920022,13631500,4637120
153524,30019907,15795004,17115154,4585352
153533,21861439,13396844,5766815,3002376
153603,338924281,254261934,274813892,611528301
153630,58860167,42894571,15138444,8826689
153658,2520061000,766667000,374773000,1094803000
153737,87782351,57420660,24433348,23078888
153922,15360213,11654273,4254925,
154059,42549556,9752251,7920419,16710335
154095,104100114,47649239,65107140,82402873
154110,65339155,32628148,9657526,716978
154129,25603025,7397349,4085623,2990766
154378,20963450,11384165,5972616,2606435
154396,20070276,7329736,2761903,1374459
154572,48395791,20381506,7352917,1100000
154642,14217430,2897936,3417501,4895452
154697,28821217,2656761,11628928,7139291
154800,19460917,5772314,17300213,7166697
154907,7301384,1320102,2521586,4624586
154925,7140452,1023077,3805169,6438090
154934,2114436,1542621,2806060,5848196
154952,18447717,4915562,3732412,4993892
154998,15991694,4649328,2657499,1041924
155025,20186552,12550932,31241520,63702678
155052,1888877,710109,1815395,1323945
155061,54862921,12369058,44845662,54226967
155098,2685074,939872,4430968,4046172
155104,15728387,6345050,1136492,5928865
155140,0,0,384206,
155186,3235992,2074210,4221350,2871780
155195,23075120,7344782,6141910,11582291
155201,5841551,2816668,1223217,4323130
155210,97767548,17136313,34727280,17517244
155292,25549337,13668750,10982508,856918
155317,399114212,183336741,262514993,1310654514
155399,284542324,99399127,202057597,364676000
155423,,,1054971,
155450,5388556,1455916,1448122,565046
155487,924908,350872,1389924,
155566,6996299,2043034,3727308,4241602
155593,3146057,641809,2027137,
155618,7777550,483050,2050125,1006723
155681,41407214,20716868,31684813,73910000
155715,12157078,1107218,1786572,3478236
155830,2113106,513494,827601,164702
155858,13032174,4796402,2195888,3899933
156082,48398654,11292522,29386807,153758792
156107,9356493,3698540,5346061,900000
156125,113422260,36177388,68838920,212178028
156231,,,3809901,
156338,,,4251186,
156392,,,19167676,
156620,74650690,38767722,78246475,57846276
156648,,,4068265,
156790,,,2614501,
156851,,,2471814,
156860,,,4501175,
156921,,,14097516,
157058,32521844,7303864,16595920,13501397
157085,664459334,327521598,265293017,1054448113
157289,176230000,179170000,195627000,757336265
157304,,,2919429,
157331,,,4628752,
157386,46452101,16498872,40516548,38725682
157401,84448484,20571526,64226109,60681015
157438,,,2695739,
157447,95653000,29936000,109562000,82722000
157483,,,6743603,
157553,,,2466599,
157711,,,3013665,
157739,,,1845598,
157854,246896646,59255175,436745,41618025
157951,100613182,43186737,123535178,16034366
158088,1995667,1065347,1397552,288536
158352,1508952,606626,808182,
158431,4899885,5873543,14282207,100001
158662,28184228,11707011,40964592,2124515
158884,3437072,797333,1759103,1334383
159009,21483178,11983230,20858668,10845884
159373,146773499,47636532,31817620,84989615
159382,7651867,4728012,7077110,13842108
159391,360688964,216461623,251885267,459630722
159407,7140470,3421433,4831516,1879695
159416,6699604,2709849,10770966,17969079
159638,51010656,11342208,0,70582
159647,53034274,20618366,51906737,72459317
159717,37713094,10060075,30293644,16370752
159939,27617833,13853472,57748801,20677499
159966,45064414,7505724,29345730,7929288
159993,37546131,12006435,37444738,23892060
160010,5035498,860934,292822,
160038,42291561,8704207,40027958,12393362
160481,2050476,1081869,3211287,226334
160533,1962587,379694,0,87806
160579,8704006,1267626,3508521,
160612,75945639,18298965,56485165,12975939
160621,36529423,18194340,26041864,8389339
160630,13749654,12968108,9187994,5274338
160649,10065891,9707870,2231152,600000
160658,73823496,23389101,73571573,123771757
160667,3895696,983707,1966893,
160913,7869049,1790806,2813036,
161077,8541375,2266141,1633565,565488
161138,5294543,2518215,1983400,669237
161192,11158065,1965187,2699894,2793330
161217,16089000,1882000,14099000,6397000
161226,13240000,2551000,14084000,11978000
161235,713000,1244000,5017000,3055000
161244,1384000,855000,2724000,1695000
161253,111151000,20708000,85730000,247938000
161280,120275000,28348000,0,7183000
161299,12451643,3899914,15956029,15447666
161341,6982000,948000,5166000,1145000
161484,2211485,2506569,409585,1991148
161545,15666978,5066172,6804535,846166
161554,37757000,14640000,62569000,31634000
161581,4530685,846320,1077684,482271
161688,12502698,3052104,6723770,10367506
161767,35800684,20290871,32536482,6126772
161864,44614567,6741679,6857301,1334988
161873,38156707,25196649,49679610,38750242
162007,60537636,47898307,20813506,6193061
162104,7535467,3522065,5656092,5089955
162122,33562875,12500721,24766372,3417863
162168,9906024,4913550,4844444,3113488
162283,1344484,11479051,3906761,779586
162557,19017792,5723272,16249364,10644141
162584,30546682,37716450,26091709,18532524
162609,4294982,1191973,1981892,2429649
162690,23784979,7011432,15917970,7447057
162706,25972957,6251649,12564306,5140554
162779,36895232,16208568,29995089,6564699
163204,294644560,72073335,287102535,13609378
163259,353983861,172508330,100220650,226307185
163268,120672569,92746021,95126751,70014004
163286,704643149,386836850,408741789,440497952
163338,25312283,13873907,18358372,22950684
163426,123076933,42398163,62912134,19469665
163453,80894688,36150384,38364293,23671970
163657,58659952,12182230,26585382,2789437
163851,102461174,52392227,50002136,45712416
163912,16935908,8998759,24545384,29144009
164076,212877388,118127868,127725537,58806652
164146,155265594,7345237,0,22220757
164155,,,0,203433599
164313,11985644,5863662,5983337,2512967
164535,,,619023,
164775,6004564,3286073,5858877,51745
165024,62265666,114358192,75584928,28746753
165033,25151225,8450078,21174223,4369512
165112,16009616,13120490,25833510,2178025
165194,8640623,4779202,8103603,4682377
165608,,,488508,
165820,23671769,16875750,30080912,11766975
165866,31682663,14986407,33455320,26780480
165981,1897512,3783496,7087690,
166133,13226728,7477552,17044705,4580868
166513,67467000,80343000,139748000,60176000
166629,162911000,299873000,323331000,272087452
166638,65398000,98455000,153084000,66310000
166647,4670766,4800055,12804031,2246021
166665,63750000,86528000,7024000,300478000
166674,18372288,8594503,22000229,14553025
166692,24279027,9279879,14742124,10363395
166708,210525130,166098610,14367005,171437000
166823,20275937,9929557,26105584,1500067
166887,15512142,10000010,21316273,
166957,11510601,6375141,12551108,4075647
167288,17174212,6307764,9548185,8075337
167312,15390880,9487416,17255453,
167376,15215012,7611344,12739144,4294275
167525,15678923,3411678,14424273,
167534,19418618,11009064,20794921,3418698
167631,4618099,4655569,4139628,3476415
167729,47129605,23369392,53855824,17036366
167871,,,498231,
167905,22338675,11215731,14548938,
167987,34158000,120355000,76821000,43597911
168263,43343566,15215038,40428823,5182312
168430,38967472,12242715,34136838,11247409
168607,6504871,3584624,3612064,3586579
168883,5927193,3383157,5492807,7698259
169248,148493044,93351364,214482391,92408908
169275,27309040,14183124,19383424,37505416
169521,50052223,10946019,23621224,15194831
169798,49230373,72125245,168464150,58044421
169910,115274758,29906730,114449198,40216417
169974,3893499,1344120,2115069,2769768
169992,3819551,2311733,2024716,3156789
170055,41927176,32479297,40691204,34191926
170082,136498709,94749408,218589455,87628012
170240,17906833,14089860,16096138,3746806
170444,18254106,7366260,11527733,9325856
170541,40914986,8322352,17741493,12746350
170550,16678881,6458710,12353782,
170587,7376538,3252931,3446444,2000000
170620,22542571,10747420,7060930,7557442
170639,14181885,5046511,15342873,16349116
170657,51587589,25381039,29363192,9891702
170790,29704703,16788289,43642309,17333423
170976,2056045000,1378273000,924302000,8272366000
171100,574305017,488336790,697335878,2007498264
171128,31296562,21927137,78187511,83623425
171137,40198000,14610000,73461000,28697000
171146,58956000,6505000,66908000,81248000
171155,25185051,4643733,12712088,647722
171225,9142355,3038373,6524120,2376433
171234,3928446,1785500,2424560,9502393
171304,21959893,8868506,9786700,370351
171395,12404737,1979358,3609166,3036179
171456,35147270,25403301,61835937,13887228
171483,7776440,7709269,17746604,10241469
171535,27285734,20915293,31900280,
171571,197668592,56406093,155967342,61431555
172051,75551609,34448192,70302900,60482873
172200,31775361,12215565,22935937,6934554
172291,19996504,4209217,9971573,7168167
172307,7973051,3162479,7532193,9578494
172422,,,2712,
172617,16635462,18020076,24659119,11242044
172635,143810031,16915508,20768709,
172644,526239508,272068311,236262449,287718665
172671,15803831,2284429,1621135,414003
172699,79393201,97257519,223204256,262300263
172918,12122000,3907000,8173000,
172954,10847000,2632000,5557000,
172963,31642000,7081000,18162000,
173063,10042000,3056000,7753000,
173115,5211000,1292000,2599000,
173124,38713000,8967000,21067000,15289000
173203,15262000,5040000,8439000,
173416,18233000,5724000,9079000,
173461,17169000,4738000,12926000,
173559,20361000,6598000,13828000,2989000
173638,14677000,4500000,7315000,
173708,18583000,6764000,14108000,
173735,9005000,2994000,5451000,
173799,23395000,5132000,13603000,
173805,6801000,2624000,2772000,
173911,16741000,6074000,9825000,
173920,112234000,29434000,78369000,35614000
173993,6385000,1745000,2284000,
174020,74161000,9772000,30360000,2403000
174066,565658005,695617220,601359427,2610544078
174075,6196493,3287387,10905777,13669158
174136,37501000,10378000,15030000,
174233,50065756,25299189,91843549,130344316
174251,7981258,3225135,10440197,11236222
174358,66320000,16626000,31309000,10087000
174376,37060000,7304000,14569000,
174428,50188000,10788000,23309000,
174473,15839000,4124000,9032000,
174570,4194000,2068000,1605000,
174604,3187000,529000,1053000,
174738,25508000,6932000,14696000,
174756,26586000,4720000,10481000,
174783,123062000,41837000,64213000,17517000
175041,29794000,5993000,10451000,
175078,23198000,6752000,13691000,2881000
175157,3398000,890000,1786000,
175236,23058000,5150000,10857000,
175263,7085000,2632000,5295000,
175272,89733000,20325000,46036000,17478000
175315,31569000,9805000,21518000,1181000
175342,45497160,8192501,14015788,11781752
175519,15243431,2022742,2483449,
175573,10912956,2302246,2132851,6770431
175616,8478421,4916309,17937184,20098615
175643,9410143,1044529,1585562,2177557
175652,23628240,3754271,9794645,143222
175786,46334300,19881560,5236105,46641
175810,10398749,5108285,4373803,2545518
175829,33360392,4351453,12679374,5376711
175856,59859183,30347249,41914319,15249718
175883,14882654,4113869,4466362,6793402
175935,15709451,1885942,3255617,9886378
175999,14986599,10854050,0,
176008,9801322,2349328,1858082,10000
176017,128618662,68318564,160180025,520216354
176026,395406082,130708972,21161236,63468907
176035,11068938,4043129,11271241,3712274
176044,15570177,2997920,7028704,1872034
176071,53958863,8334377,21852339,4101196
176080,134994650,50554625,125773165,394924743
176169,11137466,1497053,2997599,3111837
176178,18318002,4255428,7859721,5752111
176239,31962223,4822633,2344616,31493
176354,13491616,2012642,1511368,1391606
176372,94589114,36043928,86917284,72450098
176798,,,598957,
176965,88055795,29575341,61529664,34064760
176983,,,390876,
177056,,,1391381,
177135,25363757,2255564,4898040,559276
177250,13221062,5532363,4709197,3960313
177436,,,1237360,
177472,50324991,16701334,13903725,1717459
177551,12662992,2505031,3128232,1118697
177676,28158573,4968445,7771987,698250
177870,,,4500,
177940,16678768,4714272,7212198,6917457
177977,9184361,1832766,6614405,98746
178129,87434759,27162277,22543810,4492145
178217,10500709,4074931,8408859,3814080
178341,15082370,6246503,16582114,32223163
178387,30215096,8131307,24346196,26269972
178396,901906620,325986223,311243320,692852905
178402,116953299,55565040,131168132,198057880
178411,138511797,26529862,66493653,154064400
178420,127727068,23409274,83950734,61629324
178439,1142034342,1775652395,0,169065817
178448,15635478,3659757,10554825,1708816
178466,,,1498251,
178606,,,1887,
178615,25950378,15462368,28015354,33154361
178624,45186364,15151317,36125634,25920493
178828,,,207479,
179052,,,861033,
179238,,,515694,
179308,64553836,21083896,28071264,
179344,7161617,1066452,1185587,
179539,18446056,2536282,6549098,10125170
179557,47005385,33450427,71113044,63665334
179566,148908688,42026435,104821147,68998762
179645,18356871,7346176,1643229,680612
179715,13704508,2364284,1752124,756218
179724,,,253642,
179742,,,294090,
180151,2483817,898085,910646,1291789
180160,5263651,3781403,277021,958573
180179,41077133,7641182,24126479,18387339
180197,14834866,3739074,7356372,6495073
180203,474638,493163,331612,1449948
180212,6032275,1719302,618093,2794385
180249,6850231,1967348,4172280,11300
180276,2570438,712488,3570005,76422
180328,5144824,775024,128219,3092915
180373,3702652,549156,1553877,782811
180416,26050090,5669431,14353313,27356944
180461,156378808,59613393,119302629,105750482
180489,70179866,76226437,97148925,141550438
180522,8760280,3664240,5922305,3750537
180692,7544433,1488519,7239844,3656984
180902,32446619,6405454,7007233,5466957
180948,8736986,3085384,8413958,17652795
181215,49080611,20813271,27268184,65712
181303,76043267,12475502,20131876,2075792
181312,16726158,2467382,4198112,5170326
181394,90809069,31292648,74218155,4550516
181419,2145254,159840,555226,382314
181428,274160747,86619322,50383781,11231107
181464,493928481,176788423,183365523,175271181
181491,36498723,4246932,6071939,
181534,5343692,2350377,5569429,7486703
181640,45038011,3761238,19433814,15792327
181747,83661124,22075419,0,36135115
181765,3527453,1472566,877056,209690
181783,20591231,4544974,11857808,14833645
181817,19971467,3979976,2594591,2823911
182005,68787000,18176000,45575000,5373000
182281,347988000,84003000,158324000,187758000
182290,185499357,87710558,115856499,218207734
182306,8979000,2896000,4498000,223000
182500,33595000,6291000,14385000,9144000
182519,111529000,10821000,0,10843000
182564,9277000,2532000,3680000,232000
183044,195753359,46712708,190274919,248650293
183062,34377184,6504523,57862830,20560318
183071,382057,186442,10273180,1667730
183080,47411543,7327060,53890735,10271839
183099,8611450,3113129,22205005,575145
183105,1654486,531581,4109741,17285
183114,1985709,590442,4852930,24944
183123,2379587,707560,5968692,67678
183132,5163388,1895311,12372427,91849
183141,4233777,1688410,10569107,1
183150,3666490,1421725,10138409,262277
183257,9665292,982526,9774950,2170589
183327,48048306,90154811,0,262097247
183655,21399050,8817765,13825930,3095057
183743,54513618,11843146,56964647,
183859,34258936,14453082,30131024,1394771
183877,26713739,14051152,19607956,1672976
183938,31255607,16603232,31393703,583887
183983,,,774925,
184180,28178570,9486408,28571503,3866569
184205,12297682,4142460,6450854,3802250
184481,51718223,11414145,40767476,
184782,174871749,56455037,103317027,111016668
184791,19130845,5079960,18250265,2082233
184995,27207810,7111465,7063134,
185129,53875684,30609873,54041542,6640883
185262,144669013,40897664,103586408,13399231
185509,13818159,10136172,19802081,8261277
185536,53682379,12070932,47245256,9971056
185590,175213000,64514000,145946680,36460000
185828,93436000,55750000,103442000,82925000
185873,39418813,8884164,24962476,5210257
186034,15917126,3464494,10023950,78694
186201,135204000,30579000,54307000,12986180
186380,733629000,425823000,670592000,703701000
186469,3665057,934601,4737823,1859630
186645,14292023,10059071,19241585,870340
186876,123600143,40268838,58910853,23109188
187046,50669113,16773346,48041444,3941379
187134,103666000,38850000,88326000,26355000
187198,31064684,11342448,28609878,12466863
187444,143981628,33457676,99316173,7046089
187532,87524520,23300412,14329475,5576394
187596,10486457,4054373,895730,408000
187620,18208640,1652259,6164924,361058
187639,9122600,1928703,1926150,453826
187648,16160421,10433083,13635439,18416768
187666,16226324,4347167,2505333,575466
187745,3839174,3853297,1116083,4871020
187897,11560171,9472991,10914886,2820785
187903,18593462,2705925,3779883,6238839
187912,22229627,3100788,4023895,432016832
187958,,,2155141,
187967,73271638,12103490,9090036,28283733
187976,,,543830,
187985,731829044,257020319,124982306,374430327
187994,5763606,480440,2558418,174481
188003,13291607,330751,1022232,142758
188021,4265829,159911,753322,105779
188030,118613889,62967891,58222826,98353120
188049,,,1650980,
188058,2078272,2896244,983830,2986637
188100,22247248,7097987,6340426,18964465
188137,29932521,12998700,4073695,
188216,,,237032,
188225,,,968346,
188261,4530679,295854,268016,627773
188304,23645225,5379297,6427646,12887480
188438,18445184,13962417,7054342,1048909
189547,15619671,11598922,13731201,12984383
189839,11121007,11164995,10696353,12248422
190035,953676734,600397439,10575793,26939011
190053,4895810,2889479,3396949,
190169,6889640,2254754,1838318,
190442,22453527,12174847,3499869,535491
190512,52632423,54423408,97172191,138702098
190521,62956479,59255837,34709231,5234518
190530,27841681,34872511,8063738,329366
190549,44395338,42399010,59524269,71031902
190558,26402286,27920300,45350888,5056186
190567,48061690,51982390,54848042,215349296
190576,26352607,19841318,23796109,48249378
190585,12492749,17116939,7071261,913962
190594,77977757,51561531,109035332,73847746
190600,33583721,41737340,48285560,5835244
190619,25074949,29373458,21195316,1047084
190628,21798993,29591283,35795036,2565127
190637,28640740,32195918,35175021,7198858
190646,14831789,20430814,12209523,413450
190655,34744387,33661205,39129534,12529191
190664,44606520,46684188,77254265,43646661
190673,22114578,19790400,35956357,8894385
190682,4699318,6356207,6028530,1610369
190691,17313543,18934727,20882444,691294
190840,26262625,15661598,22464102,7466984
191083,51855486,26299937,36066607,1860986
191126,111742499,44401294,69981837,31874878
191199,12648645,8690828,7673191,926349
191302,4805617,3208443,3890400,2093163
191339,21404039,14293758,7284330,2678525
191612,19051183,5960744,7339856,930018
191719,62194254,43441997,32541516,5634889
191986,27778734,16593823,8917137,
192022,16272834,10231963,6289742,3397099
193122,,,1220176,
193283,20970604,7339852,14923270,
193326,50742263,20843653,29447438,8626030
193478,70029682,41595851,47971564,
193946,32918891,16670059,12421966,7452428
194028,5497305,1847841,3249665,
194222,48564704,36939332,21644136,9104211
194240,28807963,11857770,18615479,
194259,,,63515,
195058,20335483,12950301,17295178,3415590
195322,16392690,6472044,4334263,4487103
195827,229688822,138720793,0,268391
195988,4320682,7187825,3759422,1027775
196006,23518218,17410806,11349272,4092406
196015,29338582,13706015,11189137,9130239
196024,26809296,11438211,10502640,3769888
196033,21740945,14935793,9877579,3737993
196042,37371702,36657118,37026756,5361314
196051,13083812,19337627,9398033,1352293
196060,205200923,168254118,90125680,40278149
196079,237358060,97342475,101218329,73902084
196088,240345973,178809022,215813849,554392383
196097,606307037,332362209,168672430,154681221
196103,18083230,17874042,9660917,21820983
196112,7986019,12616117,9561480,2499358
196121,27124962,40551655,35449083,7707818
196130,97753578,71747145,41649297,28580979
196149,32708053,40977435,37008454,25904941
196158,51634194,28417594,27241737,24546525
196167,49123639,26206839,29565527,21584470
196176,52459000,36662855,41778910,15030326
196185,42371832,30683418,28116595,37317987
196194,60949746,47826951,36616032,16468898
196200,16147820,29660329,19601449,21216971
196219,39384454,27593711,27055251,54418180
196228,17252369,14492852,7189850,3084674
196237,30461934,23158009,16456141,179649
196246,44030501,25763741,29827937,15570073
196255,257655234,235940407,32377213,17952532
196264,27636492,14667293,39604462,17518087
196291,31621680,19386935,12646120,4296166
196307,297531206,198617585,26056245,52205348
196565,9353248,8923422,12891825,14861382
196699,10312023,9421191,7276640,6653487
197027,,,827037,
197036,,,0,
197294,96570458,78730032,36637422,
197814,4153363,702443,2198836,4069786
197850,3949012,854711,2204193,1359625
197869,88736416,33382345,100533732,78587419
197887,10148641,3517373,8878147,
197966,1421127,683246,1064688,1791567
198011,1547794,561148,699475,310000
198039,2330762,790293,2196726,8994323
198084,1832853,635433,863253,292626
198118,10465989,1472921,3687929,307054
198154,9599623,7084958,10472450,4360728
198206,2151312,513894,1607618,1401466
198233,8961422,1603976,4403961,
198251,4121948,1222973,4426231,3138070
198260,30927785,10445563,25038789,
198321,6008706,638026,1447986,622170
198330,9433921,1144754,6017201,3070766
198367,7384364,1396791,4049462,1768589
198376,6899753,2089030,2789408,9393379
198455,2573553,1637588,4913988,
198464,287260558,61006418,162272427,144701141
198491,3111343,1593056,1038150,
198507,16016537,5552663,9408972,5086627
198534,20782070,3229953,14314035,39050
198543,14617531,6324353,16959618,17873602
198552,10264168,2624200,8238493,1175137
198570,13074050,2212425,5196431,5151071
198622,40772025,6413401,6581573,3155594
198640,1995657,512242,613599,1044177
198668,6252554,852673,1482903,6740306
198710,5666539,976719,1301882,1677785
198729,2472340,531449,785700,
198774,5915874,1486769,2728539,4202007
198817,3037519,1240523,2035582,3069315
198905,2342124,194698,426836,
198914,961299,494820,617791,1260183
198923,1519460,508120,770107,290786
198987,6411491,1227841,2595937,2521443
199023,873565,347186,705343,2512734
199087,2861371,1395878,2290602,3920820
199102,52729910,10925781,49980990,37337289
199111,24954324,6223223,20372368,33934742
199120,1556408771,310153934,348049137,2344279691
199139,233253998,37028763,160088675,146504050
199148,135328652,29525107,90250294,224566440
199157,35771134,13173616,39813206,22924086
199175,52151462,19210689,0,58048004
199184,19756497,4663324,10793131,37280551
199193,432773142,119556573,242771900,769404000
199218,103164866,17787096,93042367,73765160
199263,925352,151845,387067,507531
199281,26257340,6486843,20489030,18185553
199324,1363551,768297,1445587,655153
199333,10890574,3035834,8590018,1139563
199421,3527483,574588,2074153,4391485
199449,2211152,1158829,1194583,
199467,651402,367828,399305,
199476,3490939,1669466,1392204,1741368
199485,3417623,731690,1593132,5679124
199494,8933645,3031202,4554606,575696
199625,1836168,366526,981863,
199634,6171466,1112717,3976628,8254229
199722,3427496,1072691,1434429,3120618
199731,4292946,987499,2228061,1178190
199740,2118779,893632,2253279,
199768,5328259,884553,2429021,4509807
199786,3806264,502437,4168003,8289638
199795,2535951,328942,695602,210800
199838,7508401,705681,4287144,4496412
199856,20820039,8270261,25833769,3215478
199892,3998064,854138,2819522,92409
199908,5816628,954897,1693102,2015417
199926,5071494,1494294,1918062,4350409
199953,4475104,357304,1289688,974240
199999,26053148,13153226,22749075,21449540
200004,81985890,10366178,46456244,54512650
200022,13521399,4590098,11557155,8031330
200059,16151193,2080180,7196503,10939581
200086,3390952,597023,685877,1266269
200192,4173022,1881803,3745642,5554786
200208,2112577,509424,565206,1334390
200226,5112492,2180859,4078772,
200253,22064982,5746635,13900069,14538704
200280,104979699,39552527,126584059,13505465
200305,15192480,3347992,8081046,10938770
200314,2218486,232188,1269331,2095639
200332,86431265,43220539,100397231,368855
200341,2642315,1825144,1184780,52200
200466,2584896,1073992,1059134,1306885
200572,5401984,4520721,5602656,4983897
200800,223183730,81090365,222810654,206921969
200828,,,165180,
201034,,,899422,
201098,,,758565,
201131,,,566628,
201159,,,780448,
201283,15695051,931447,4081827,422961
201441,216662869,51212863,148142241,168007210
201478,,,775257,
201496,,,3435883,
201539,,,750796,
201672,17278008,2996419,12265884,2508891
201690,19560545,15414941,9083604,2504456
201803,,,436568,
201885,251900730,273349427,377974996,1044197744
201928,22553112,17499700,24234343,4887770
201946,,,15449749,1437907
201955,,,21447722,213513
201973,20045999,3644979,8702024,9196351
202134,62295306,48069690,153869978,7441212
202152,,,431069,
202222,159368649,38905979,63683289,
202356,205669853,133668394,46971771,39569022
202648,6462479,1977367,4199394,1727973
202657,,,2067776,
202949,,,2705811,
202985,,,548965,
203030,,,218539,
203155,14652914,10246650,19713165,4805344
203331,6018722,1104712,3424149,262987
203447,,,8985446,
203456,,,4207076,
203465,,,19502737,
203474,,,11710804,
203483,,,9082214,
203492,,,6956298,
203517,315659000,138378000,253789147,100467795
203526,,,7976326,
203599,32132120,27522633,10106022,2451612
203614,,,2062358,
203678,16128607,2384163,9903014,1311257
203748,52060331,18100158,18106815,34478431
203881,5495503,1897889,5366313,
203942,,,403617,
204006,,,13262031,
204015,,,6836937,
204024,630190581,98914522,268335589,571684712
204158,,,3163150,
204255,22895942,6065459,10159017,3416328
204422,7470116,6078395,6181614,2938609
204440,9979134,3927755,9760239,1053519
204459,,,348248,
204477,67524034,12518548,25133726,9871119
204662,5520070,294893,4064657,3272735
204671,1825400,1040471,6795869,4851499
204680,7885968,1277233,7487710,2050691
204699,16084882,1235702,7291444,4765444
204705,11405589,2003165,13394561,3287025
204796,1689063088,1151280038,777726949,3130941782
204802,,,2346303,
204820,,,5251431,
204839,,,4128187,
204848,,,6158032,
204857,433133673,107012062,283625577,446747523
204866,,,4892258,
204945,37784174,34363386,27472048,1639117
204981,,,1072354,
205443,9080774,7686102,24513333,15227858
205470,98511350,37870834,25459248,44072417
205841,36920982,8496289,30250282,4051826
205966,10772007,1234215,11344509,1935671
206011,12683213,2812222,3334057,3550470
206084,198124474,157286525,215322182,52613237
206172,,,642048,
206181,,,889644,
206321,,,896312,
206446,10475761,3595821,4764652,315750
206604,133336424,76668328,136850963,108590573
206613,,,5662918,
206695,68038365,26017851,88938239,212374889
206905,,,523199,
206914,13821891,6010348,18996409,15873511
206923,11667371,1251078,5135415,6654991
206941,103295938,22790838,77479001,28641057
206996,8826686,2255666,2581611,
207041,24681983,7504702,17773611,3891000
207050,6547992,1994894,2309935,1950248
207069,2433898,3596551,696421,483326
207209,34238335,10140898,7268150,42596710
207236,19822294,1254765,4939995,25142
207263,54616993,12661892,28986005,12160372
207281,20133582,3536593,8282834,515162
207290,6332597,1956074,2028206,4539365
207306,5022438,1793533,5881833,14859945
207315,53292940,5637055,10137172,5854179
207342,695267000,112204000,57222000,39071000
207351,5370274,2901620,5359579,3997700
207388,271635458,87166587,229373305,389521545
207397,20400678,4510833,11508613,103331
207449,21280861,14307393,17568966,296574
207500,387652000,205414000,239609000,845635000
207564,23848029,5610721,6317776,3576997
207661,15726906,5416439,12563500,8822991
207670,24571833,3572686,4907988,
207722,10618181,2425442,2705454,10692111
207740,1715629,1751555,657487,
207847,5949640,5871683,14915643,19534019
207865,18385178,7908726,16949423,18928897
207935,58206426,15227442,9331749,4543581
208026,,,219021,
208035,7846932,714491,5268469,4554159
208053,,,243620,
208275,8576208,3106343,6788399,2389559
208318,43891085,8375446,14541041,13264879
208390,102120528,17073699,39195722,4078717
208406,30630030,10680039,17765226,12652742
208415,4252909,5456477,3371346,2739934
208646,6888639,7357889,13934438,9153097
209038,87250197,35186294,47533472,11229200
209074,18829304,10757149,15216829,3712285
209250,30338000,19936000,24821000,
209445,55714277,147553348,105184,9937123
209490,809805000,348883000,55311000,463968000
209506,12216804,8771657,19065889,19629472
209542,155340509,107494280,228436164,478592809
209551,159976175,119537551,344312806,581092605
209746,214307219,72612157,60844870,
209807,87348267,73117796,174346239,71896178
209940,19914939,3847703,18381641,6777261
210146,10986764,10280582,26241720,24636650
210155,3590292,3806630,2198456,731551
210234,4352683,2968627,7554802,5243067
210270,12660757,3571843,3185431,4481734
210429,19020221,13188187,28684384,11516909
210605,33162554,21348815,28427174,7694367
211079,3633272,4181646,11134337,863699
211158,109885860,36250359,73201164,22860482
211307,21959257,15410633,33039418,5453324
211343,18184062,7735837,13889518,1654763
211361,41471432,32305333,62907457,17894272
211608,5968204,8958295,4453330,1483959
211644,49739463,18299816,42706687,22933547
211927,66773192,18557218,27797299,1909897
212115,57519839,20654907,57179133,15086392
212160,61862282,21946974,39054992,18043887
212878,50836958,28834440,65240924,29654700
213020,140869182,42369202,113579403,39429730
213349,119364010,30237132,67210686,18798705
213525,32473767,15833178,19939772,2684560
213613,66956443,14293746,35141111,9868524
213659,24663079,6553352,22647259,
213783,34186314,11028868,17703348,789287
214041,79886079,25600117,57805856,25915038
214111,62894337,14863875,36073447,1705025
214379,86933398,15772709,29374217,34084398
214661,68591057,36327741,67066,
215239,31999884,31375172,32002842,7806831
215585,27026980,10046591,16244281,8854089
215886,,,362296,
216010,89579740,23351863,50518604,31303039
216038,88884821,24897400,58765394,20171947
216296,8392436,1874385,4271653,610424
216764,203987316,42661507,123904854,25448578
216825,23206856,7957783,15739404,509521
217420,27640634,17145023,46099100,16078194
217475,21760563,12672396,32197846,10500
217484,156330621,65800266,201084765,129805415
217615,14783456,1913519,6080994,3996073
217712,12734795,4138287,3987146,385959
217819,142338396,30577083,133935670,67392448
217837,4081406,648720,599025,
217864,44171630,15531738,38956722,216686367
217882,429264219,112471204,288778074,518605638
217989,7094034,1075289,1606088,
218025,15048936,4726647,11880766,831318
218061,11829527,3368475,20347023,24221794
218113,53507115,13184327,30112506,4343039
218140,32645073,8470186,19220836,2374608
218229,22036609,7570570,16046198,13641753
218335,226189044,128490744,82352333,272318893
218353,91093147,13220632,33794392,3077092
218487,12637373,1185624,4839540,188516
218520,21805569,2902802,9060021,803934
218645,15673846,3838820,14654142,442871
218654,7149670,1754840,10111015,79000
218663,556420870,104094504,323882506,409022455
218672,967184,466565,2782897,5059815
218681,2851818,349018,1237089,
218690,2802154,353423,1709338,93030
218706,2654715,186005,516887,
218724,177249474,32266935,100845686,25583445
218733,11995895,16672319,32345800,807333
218742,26585682,6041332,28471752,6736467
218830,18389441,2910005,12354320,
218858,11813210,7907309,6744700,251664
218885,35220730,4155042,17753908,17879964
218894,66945093,18439367,45654553,4035229
218955,8071394,1588111,422495,5000
218964,26214753,23271357,46692056,36273283
218991,31874634,4731911,8991009,3900967
219046,21919615,4517646,19368918,9173568
219082,8606535,3415768,12148005,8363056
219143,3716369,3035573,4734146,1882692
219189,5419083,1384707,5149265,714631
219259,9213504,2209694,10968122,32956466
219277,52401867,8587077,2496618,39043456
219347,6471632,8170338,17019336,48300926
219356,67030663,26949758,76557971,95961474
219408,3840293,579656,480466,2101884
219426,11355060,1522795,11863741,912909
219471,68321196,21970831,56871032,182335563
219480,4800383,663850,5687397,12530
219596,,,208653,
219602,26490728,14435209,47397621,22404442
219824,10817788,4731749,24230723,2344285
219879,6201010,3434018,6288598,5168344
219888,9251941,3820223,9735072,5384415
219921,,,204199,
219994,,,1354395,
220057,6005294,2027918,4808546,3752555
220075,37767281,35722600,92743007,105331701
220127,,,494995,
220251,,,129444,
220279,,,111073,
220321,,,193669,
220394,,,74372,
220400,16407960,10825920,7947899,1413645
220640,,,570185,
220756,,,351465,
220853,,,2348386,
220862,89340875,46045020,132684540,218308239
220978,80087410,48154899,121815670,75709853
221050,,,684543,
221096,11693240,5970320,9216575,5004504
221102,,,283095,
221184,23322451,8497766,18340546,4739
221236,,,356528,
221281,,,263828,
221333,,,327645,
221388,,,46425,
221397,15146321,7793726,10530794,7321595
221430,,,140505,
221485,32444292,10299584,20457426,1325112
221494,,,393682,
221582,,,563487,
221591,,,152266,
221607,,,162129,
221616,,,406354,
221625,,,506017,
221634,,,104787,
221643,17818527,8464204,22500086,6958249
221740,26568291,19892890,50271561,98527047
221759,493906771,296170977,292506440,662941568
221768,22269907,11862912,33547189,32333362
221838,41698650,21877831,51136000,40298412
221847,43216140,17896742,47708612,65921572
221908,12259262,5730616,10275443,8312580
222053,16546624,10180041,15918340,3923510
222062,16988857,8286349,12356803,10809277
222497,117171913,77568285,0,18039306
222567,11548886,7327383,9095957,1779406
222576,53073252,21384163,15381607,3477314
222822,11460136,7868673,4590713,6024065
222831,75941914,54052652,39289804,130768225
222992,99422474,73272413,59622584,4605197
223214,66098518,39437061,29971797,66391142
223320,8680928,9369365,3067124,711878
223427,48982766,39055409,42247252,10118798
223506,5074376,5758080,8763635,4753331
223524,8184167,14047910,10505511,
223773,6397806,9014795,3017178,
223816,103456603,32833070,47233549,5584137
223898,7279651,5026458,1674009,1420962
223922,4831984,2579984,1238401,2927237
224110,25353669,5767130,13280934,6682310
224147,54472544,49191973,60712076,11282209
224253,21855111,32060150,5628978,5324217
224350,52718877,23733833,9681161,13261833
224545,15528616,2903806,7026712,4204321
224554,40990588,42038024,68637180,16529016
224572,12866685,17661309,7055269,
224615,12904773,18358014,3954468,
224642,126606749,59887895,22181240,737449
224891,2145319,1834328,809488,1330051
224961,13315155,3374512,2520989,
225070,24324837,6018448,4877086,11382131
225308,11730675,3093347,6681563,3691206
225371,17011091,6840299,3558023,9763724
225414,58343683,33445214,44003825,26016707
225423,143137782,113309337,71433953,9230118
225432,84320453,39654936,61460459,36917037
225502,16683137,20006189,16231638,15957278
225511,601128913,287783711,314306451,608081108
225520,17614359,5697393,4183889,4667815
226019,27196100,5576826,8533498,8476586
226091,118057740,87191760,92782951,27556171
226107,22591176,4598618,5184538,15524
226116,11625723,6470027,6374608,1097380
226134,74997666,24764284,8780001,2975040
226152,28785418,10380940,19250916,31828113
226204,59738811,8410872,6283578,375013
226408,19510857,7377945,3306016,1800030
226578,30929842,20526428,19436996,5478402
226806,33424798,10985690,10272180,29342561
226833,51697066,37613223,31369151,18573597
226930,8152415,11160965,4562482,
227146,37272868,22130271,14202493,3925124
227182,182928948,110178162,59682149,10224570
227191,8754919,13288587,8728650,
227216,358615348,235518232,232556926,124016876
227225,5627936,4405444,3107885,2225960
227304,31829131,11420129,7578923,838423
227368,118543799,76428457,66249050,
227377,92799324,53686682,44064822,16086317
227386,18206817,5761800,3311445,4120315
227401,23510968,7945886,5375845,16979370
227526,142416662,71893807,38614893,60242271
227687,7497825,3641081,1584341,
227766,13725084,21592761,14882983,
227854,,,10416754,
227881,202863603,117479380,115947829,74233308
227924,,,30405309,
227979,103610609,55890605,38716698,
228158,21644445,8872778,15807862,10572823
228316,11824548,8511865,5130032,3188789
228431,154187644,110280696,68185947,59287457
228459,431857741,225462455,199727426,139485773
228501,27014363,8239866,12201522,15542920
228529,54426971,43697387,51789663,33781679
228547,82787232,59110799,50245813,
228608,28657887,11384592,12237686,4892139
228635,808202725,350528184,18835124,878855485
228644,213366723,130470210,35054274,433218910
228653,458729371,352636570,29866792,495886610
228671,6499377,695610,0,
228680,33826985,20085793,12299657,215553
228699,9791665,5635401,3726660,4794559
228705,74881359,48850481,52695283,18759357
228723,646228186,558829660,423158370,8072054790
228732,864338441,3800529017,0,112352138
228769,169431143,152905909,193215064,101786656
228778,899347560,714507428,495148734,3012894720
228787,190212823,159591828,183814537,317750700
228796,132307242,106459669,85787393,196458309
228802,33921512,29084631,27363871,71690776
228909,84852911,48836294,23067187,35723860
229018,31835038,19264381,15631963,35995623
229027,142462197,182865450,181436824,100825150
229063,71252098,85919332,66123084,43516022
229090,1995117713,4428300758,0,19740282879
229115,337245478,260588340,268688368,546229422
229179,184674625,59498840,65839858,41448210
229300,226227022,169232312,39697742,227043471
229319,30728063,12673397,3906225,
229328,11130385,5012184,2434850,100429
229337,297119141,88330352,42551275,132580020
229355,29191284,32636259,13880102,36302078
229407,200400598,874394200,0,
229504,10328923,6900840,4662544,4776660
229540,33764222,8397499,8934439,9052916
229799,27857847,11027830,6973854,5109089
229814,38427601,30983565,39347848,22040886
229832,7208214,5508110,3268729,
229841,18545175,12811870,18007715,8261766
230010,,,1440836,
230162,,,2613125,
230171,24617646,5594407,28231291,10430129
230490,,,1654988,
230597,9520328,3688428,6728720,5657345
230603,49776899,14649545,35085930,21019215
230676,,,1691571,
230728,183317020,92531119,105692050,242062123
230737,109884637,31173206,109085350,16836214
230746,95906028,31388399,65197297,4018442
230764,1611004000,451560000,281981000,642219000
230782,84381643,25978482,80242607,104626321
230834,,,25081859,
230861,,,18366022,
230913,,,14730804,
230931,,,15470157,
231156,25134408,22853670,0,20538481
231165,,,17380328,
231174,255541000,90925000,266519000,350808000
231536,6781500,4585209,8268547,6006527
231624,66055121,97425402,138577693,697723724
231688,,,100056,
231697,3242109,2800740,7010208,997344
231712,36146305,29340051,33845694,19295992
231873,1199137,924674,2027551,4738968
231882,6781516,2909551,4773459,5578654
232052,1631565,711664,913258,1311492
232186,188412668,151922578,287178553,59260526
232195,8708189,4953395,12017855,2351200
232414,16737634,10316099,24381135,5493424
232423,157368725,86471367,169763877,66977946
232450,9108687,4594138,13949300,2376063
232566,58269509,19896541,29082884,57699935
232575,6685420,3945725,12513486,7012423
232681,23753706,17412845,32847082,40672332
232788,4881114,1612351,2691052,13003340
232867,6966837,2402558,8508964,4302135
232937,42927540,26689336,25557363,8470421
232946,81502199,49621858,139855819,3821228
232982,103618720,74671665,120046416,166820288
233019,2479303,1621969,3627883,10600085
233037,3216470,1925893,1690189,507105
233116,4500092,3718416,8661541,5838010
233277,115771227,34284744,52752784,40619047
233310,3688561,3017442,5140743,5135418
233338,2537914,2244356,2502687,4642059
233639,7152102,4599078,7194190,2029800
233648,2806145,2770205,3368771,
233754,12580418,9565408,19464291,5738870
233772,65437349,35654604,55560351,2750087
233897,29180946,5944232,11111901,59783582
233903,2274173,1727216,2637221,988885
233921,404915536,238138887,360814170,653700000
233949,5429858,5197516,11640501,4732715
234030,283285820,186020761,274977715,562215248
234076,972358550,556448548,421235215,5106876214
234085,20552570,11611124,23561475,337927474
234155,26222272,22787446,30903430,35441118
234225,,,101076,
234359,,,11876465,
234377,5337352,2342028,4591011,4384839
234669,105010045,11425013,42905475,5227351
234696,8102822,4084236,2652257,2635996
234711,21253984,1589251,4119915,1494460
234827,79573132,27131068,70291776,16940033
234845,17216586,1028302,3827736,8581707
234933,23215343,5053765,30279407,50997682
234951,27056057,10499735,5445138,896256
234979,32758389,3862360,7552742,14293280
235097,89631123,20820855,88337483,23483519
235103,34372998,9204740,20889434,3396195
235149,30041686,7519976,26522902,1761589
235167,36279114,13797176,34875019,10249699
235237,23802945,6063519,10229517,186859
235334,9035862,491506,1034249,7978788
235343,65270050,14726701,31115442,12249394
235431,38216715,6281949,11929324,
235671,10575647,5276491,7389778,756044
235699,7448605,2688944,6298410,466989
235750,39375989,3685678,1965498,9467577
236072,32577003,5931374,14698785,5360502
236188,28127594,6747967,21756877,9945550
236258,9679880,1753492,3087923,1290729
236382,18514082,2470204,4620624,754048
236504,16052042,2119440,12196432,10280390
236513,44877272,8496785,19953778,6612554
236610,28248521,6234084,21115461,1490522
236638,47147369,7049522,8212318,8427433
236656,19085688,5227073,13879853,5139553
236692,61439969,8517955,7293484,5489918
236708,34392551,10270766,10527326,3975173
236753,26932695,8386717,10572883,4636209
236887,15705713,4491129,4284571,2596686
236939,260014586,97935917,277446583,777643606
236948,1459051746,729414284,808052531,2432421073
236975,10772835,5578108,4030873,5897776
237011,70480453,31449553,110885904,51565424
237039,21473467,2385128,8728453,3895170
237109,44431283,3135993,5384509,8487736
237215,7336999,2175357,3893566,1407363
237242,,,220107,
237330,9311722,5906017,7387881,20222774
237367,35351255,9219799,11664609,
237385,7043187,7629609,5010770,13430149
237473,,,129714,
237491,,,64399,
237525,124440775,43222897,67806106,102389729
237561,,,312858,
237686,15083260,4803704,6499656,7550711
237729,,,158337,
237792,17926306,9249479,17822290,23268017
237817,7438231,3254420,1035804,
237844,,,294263,
237880,67116642,5215165,31809085,721044
237899,9128481,7128681,8103745,4141576
237932,11054503,8619486,13407500,10561251
238014,12969617,3051996,2361201,
238032,183161968,158792017,346518750,466400973
238263,132455054,66622099,34366773,
238397,17839757,6802990,4411123,
238722,59715520,44988195,12457090,
238759,43744450,13702091,15214977,326000
239008,15324549,7696383,6135350,845283
239220,24006572,10079481,5793449,1802783
239248,,,27309762,
239372,31415998,15323453,7064222,
239442,21248475,3066281,2451115,
239460,29471873,12020244,4935589,
239488,43754541,22248650,19946808,
239910,15432483,7092212,5042748,
240055,35494286,7466998,39491530,15630212
240116,23090452,9014538,12211243,
240125,28687022,21899037,10400577,
240170,24622607,23285308,9353405,
240189,72992711,18940468,74145245,17282001
240198,24720238,9026954,4463819,
240268,77055166,20403101,70084429,44298902
240277,35240732,7274760,26758574,28699357
240329,101495985,14005124,69014498,19271340
240365,71881891,19633193,60837894,16298926
240374,17056575,7170360,18835181,4950271
240417,44616424,14259088,45572630,41882396
240426,21807816,10496496,13058746,12207013
240435,238773246,18478829,4623011,16574184
240444,1023102961,322341845,409279803,2295273339
240453,186538353,56263533,202194691,94484369
240462,42629067,12027853,52033065,18267927
240471,42523016,10350479,35471196,18311515
240480,62381857,20249158,52302084,19309035
240505,30459659,28806892,5447551,28517038
240514,22222379,10833023,3649913,15731449
240596,4373612,1902452,2049519,3131238
240620,26837588,10486709,8989033,11673004
240657,20800752,7563598,2527052,13581357
240666,19466765,10046851,5094507,14757265
240693,29176174,5848354,3247957,10763406
240727,368249815,72041163,49963171,404074912
240736,4970481,3830041,4148879,3081413
240745,16828347,4476387,4106586,8794971
240754,38046442,14909200,9989432,19287832
240790,10543275,3909006,2022224,6921725
241720,,,625668,
241766,1674275,8629308,1749544,1010584
241951,2517955,946871,806140,1885762
242042,,,754070,
242556,,,130000,
242565,,,318577,
242583,,,712605,
243106,5866177,2838549,2114334,
243115,7610610,2878196,2020001,
243133,6495150,3265184,4778505,
243142,6760910,2670470,4428533,
243151,9962730,4760675,2889707,
243160,136008628,36794960,0,92129843
243179,10846467,4778422,2173652,
243188,3233294,1160337,1068182,
243197,43607727,16649130,13632385,
243203,171593550,50046200,10548008,
243212,6593513,2780415,2818938,
243221,58148408,31231895,21321472,
243638,14725989,4630209,1591971,3921757
243647,4622519,1671984,2721883,3139341
243665,25582949,12173781,14219843,33941129
243780,494798773,276420274,606587948,2189202378
243799,,,150292,
244437,14627060,13814692,47276044,1163978
244446,7087346,3926662,4150780,
245625,6548857,1808170,5610190,218550
245999,,,2523423,
246017,,,1683253,
246071,,,85528,
246354,,,8315087,
246813,3250882,2818389,6085070,
247083,650006,688893,0,
247603,7190815,4049038,13787992,1209147
247737,11085313,0,0,
247834,247145662,27497111,26569192,5144949
247940,,,4048488,
248606,,,797235,
248624,,,230057,
248633,,,487839,
248776,2976656,2093945,1766925,
248925,,,2427424,
250993,,,274191,
251260,58491335,7846601,8787277,
260336,,,40210,
260363,,,279297,
260372,1913991,288580,1224562,3052412
260381,37880581,8394136,996774,12471481
261375,,,5241490,
261773,,,196749,
262031,25094007,7049843,13614115,74551
262129,16115754,2848636,2632253,38167178
363165,,,2123678,
363633,3413348,886990,542001,816178
364016,,,10019973,
364025,,,14612839,
364548,,,1806891,
364575,,,205408,
364618,,,201369,
364627,,,479821,
364636,,,240104,
364946,,,414471,
364964,,,53595,
365198,,,9185,
365213,,,995271,
365240,,,368334,
365374,,,886792,
365383,,,976986,
365480,,,937073,
365763,,,439520,
366340,1857731,418403,618676,3519983
366395,70247611,56712152,72644139,
366401,18846063,26491744,5291614,
366447,1878202,876334,2106582,
366465,4321565,1679144,3057455,
366623,,,42585,
366632,,,215402,
366711,46285245,30131072,61560607,18430314
367459,15258205,4027786,11958639,1698660
367875,,,423188,
367972,,,447689,
368364,,,165574,
368407,,,139640,
368647,,,126243,
368911,1966074,1679654,2193183,
369109,,,273473,
369419,,,730964,
369668,,,3001301,
371690,,,3050848,
372082,,,751134,
373711,,,583500,
374112,,,271406,
374592,,,297643,
375373,,,1731444,
375407,,,867060,
375568,,,128007,
375656,,,5266,
375683,,,689083,
375692,,,1244898,
375966,,,188493,
376695,3751928,3701968,472809,60947
377485,,,65430,
379621,,,191167,
380359,1645663,795065,316864,4014587
380368,8529000,2067000,2477000,
380377,3628531,1496645,2231936,
381529,,,1564109,
382258,,,1259320,
382416,,,508577,
383084,,,673511,
383190,7496023,3017718,3870078,
383312,,,630400,
383330,,,643817,
383367,,,1937827,
383525,,,578239,
383996,3510983,614793,769932,
384333,,,7221622,
384342,41446667,36076345,10529999,3021645
389860,,,1418414,
390905,,,2560542,
391333,,,753700,
395195,,,496004,
395362,9207742,5992088,352930,
399212,,,3295149,760371
403469,,,817448,
403478,,,946519,
403487,,,1075590,
404426,18253718,3802325,5720395,364431
404480,15838151,4356810,0,1317754
405872,7706487,3184627,10277646,3924510
406325,,,408201,
406361,,,107221,
406422,,,713153,
407452,,,381198,
407461,,,1368867,
407489,,,1030296,
407504,,,131014,
407513,,,1579704,
407522,,,78199,
407577,,,946280,
407595,,,557412,
407832,,,1981449,
408394,5993663,2398542,2084206,266967
409120,,,956840,
409315,185138377,35718515,21051377,339444
409379,7098525,2649661,0,
409537,,,85461,
409591,,,1076637,
409698,42418479,14610890,23065828,15809298
412535,,,387365,
413176,,,94352,
413626,3503812,1287582,1065001,2517612
413802,,,234691,
414911,4404152,2476240,6977885,192445
416801,,,1241361,1103111
417105,,,942405,
417123,,,694373,
417178,,,339142,
417187,,,147060,
417248,,,132224,
417257,,,232653,
417275,,,60355,
417442,,,937940,
417628,,,239778,
417637,,,598307,
417646,,,78642,
417655,,,242886,
417673,,,157458,
417682,,,80749,
417716,,,850155,
417743,,,263408,
417831,,,579973,
417868,,,270208,
417886,,,587642,
417910,,,2136847,
417947,,,106785,
417983,,,285757,
417992,,,453958,
418001,,,1514694,
418010,,,316516,
418029,,,304533,
418038,,,1006649,
418056,,,756568,
418065,,,2129648,
418083,,,577705,
418199,,,197572,
418205,,,1611066,
418223,,,60038,
418250,,,1286692,
418278,,,394386,
418287,,,1102631,
418296,,,336694,
418302,,,541743,
418320,,,639935,
418339,,,773379,
418348,,,336043,
418357,,,160179,
418409,,,2116326,
418427,,,358954,
418445,,,23939,
418454,,,1294783,
418481,,,251782,
418506,,,144104,
418515,,,543537,
418524,,,469557,
418533,2912423,1168555,2101650,
418542,,,156197,
418560,,,883869,
418588,,,499070,
418603,,,49946,
418612,,,115300,
418676,,,2910,
419031,,,19732,
419095,,,234720,
419226,,,3205833,
419332,,,199232,
419420,,,304202,
419484,,,363253,
420398,,,14954059,
420431,1849174,1472670,1488202,
420440,4379951,936973,1718,930337
420468,,,4727799,
420538,8233829,1209224,1436110,
420556,7841746,2259833,1251913,188034
420723,5200012,1014800,987394,
420802,1347716,0,0,
421540,,,153053,
421559,,,128052,
421717,,,68331,
423652,2585875,2176816,1553715,
427991,,,1711066,
428019,,,308000,
428392,8826644,1409406,3755441,140883
428426,290844725,29792678,0,
430643,,,15435,
430795,,,758861,
430883,,,8726,
430908,,,712166,
430971,,,721539,
431017,,,98045,
431105,,,663825,
431169,,,507549,
431187,,,159201,
431196,,,1259099,
431202,,,258569,
431266,,,16253,
431275,,,133028,
431558,,,922456,
431691,,,387612,
431707,,,143019,
431716,,,1890013,
431770,,,607116,
431877,,,198963,
432144,289659492,31939074,0,
433040,,,315106,
433068,,,622395,
433138,,,755763,
433174,1481010,57346,3075601,
433660,67714264,19872309,53068466,54275447
434061,18377237,2857395,6856817,115207
434584,8510173,1586008,367814,3410778
434672,32049634,23443468,62413126,4554990
435000,245106984,33141762,12170250,153776823
436304,1729368,921496,3815236,300553
437103,23345540,2683872,15971997,296485
438665,222079430,30330346,2477122,168054
438708,2561514,531446,876894,
439145,11723838,2986509,5038419,92035
439154,16621401,5583007,0,682266
439190,15373169,2819168,7013888,506969
439622,,,2121514,
440217,,,115613,
440402,6084467,1528322,2974865,1237553
440730,,,2163393,
440916,3665471,964096,8758147,1654607
441070,1173905,507842,53832,117454
441210,,,970035,
441317,,,203362,
441335,,,233320,
441353,,,25650,
441414,,,140052,
441593,,,356629,
441672,,,67570,
441760,18382475,8490952,9559898,2591052
441894,,,66600,
441900,10671000,3591000,7851000,569437
441937,45005234,25243998,24363890,6703548
443368,45535914,10861550,344188,
443492,11261643,4164380,4760646,
443711,19872222,32141813,0,
444219,,,3757714,
444954,7061497,3705212,3940353,
445018,3468428,2939541,3090138,70580
445188,,,52907000,6914000
445674,3326970,3445312,1339262,50000
446206,,,218790,
446349,,,1501,
446774,8115922,3528384,4512770,
446978,1891743,4747425,0,
447582,5039297,3287088,3794381,
447689,15231055,7232460,27400777,
448248,,,1787428,
448336,293346,228974,0,
448594,,,963496,
448637,113993782,9879195,0,1010335
448840,41102639,2070430,23758432,16092679
449357,,,1181721,
449816,,,493215,
451459,,,522443,
451583,,,339769,
451671,18484392,772955,8718800,7141738
452106,,,97250,
455114,48243638,5258876,20236626,1026409
455512,4881391,7427193,485475,
456959,0,1086785,5961682,505184
457378,,,406460,
457387,,,535873,
457615,,,174196,
457624,,,292140,
457873,,,774648,
457943,,,523151,
457989,,,187540,
459329,,,117293,
459408,,,400456,
460394,32561427,11312156,3511765,1289862
460464,32853871,11413754,3543305,1301446
460604,,,106820,
460808,,,23675,
461087,,,0,
461245,,,296495,
461306,,,170805,
461315,641431,195849,218010,
461634,,,112511,
475565,2302999,1480750,108706,15000000
476975,18291358,3325941,34683974,
480967,3469000,243000,0,
481021,,,624463,
481049,,,56012,
481182,,,117200,
481191,,,952070,
482149,118061072,123132038,72453759,172028311
482158,22695556,6230727,19460951,11703089
482680,34573091,11481457,51993872,26434620
482699,6117666,2152928,2947699,286240
483036,14487878,5559616,10114054,882692
483045,6042046,3773146,6073854,
483212,7178504,1592100,4635074,422912
